,id,inning,batting_team,toss_winner,toss_decision,city,winner,total_runs,total_score
0,1,1,Sunrisers Hyderabad,Royal Challengers Bangalore,field,Hyderabad,Sunrisers Hyderabad,16,207
1,2,2,Chennai Super Kings,Chennai Super Kings,field,Pune,Chennai Super Kings,15,187
2,3,2,Kolkata Knight Riders,Kolkata Knight Riders,field,Rajkot,Kolkata Knight Riders,22,184
3,4,2,Kings XI Punjab,Kings XI Punjab,field,Indore,Kings XI Punjab,7,164
4,5,1,Royal Challengers Bangalore,Royal Challengers Bangalore,bat,Bengaluru,Royal Challengers Bangalore,7,157
5,6,2,Sunrisers Hyderabad,Sunrisers Hyderabad,field,Hyderabad,Sunrisers Hyderabad,9,140
6,7,2,Mumbai Indians,Mumbai Indians,field,Mumbai,Mumbai Indians,12,180
7,8,2,Kings XI Punjab,Royal Challengers Bangalore,bat,Indore,Kings XI Punjab,7,150
8,9,1,Delhi Daredevils,Chennai Super Kings,field,Pune,Delhi Daredevils,23,205
9,10,2,Mumbai Indians,Mumbai Indians,field,Mumbai,Mumbai Indians,4,159
10,11,2,Kolkata Knight Riders,Kolkata Knight Riders,field,Kolkata,Kolkata Knight Riders,7,171
11,12,2,Mumbai Indians,Mumbai Indians,field,Bengaluru,Mumbai Indians,12,145
12,13,2,Rajasthan Royals,Rajasthan Royals,field,Rajkot,Rajasthan Royals,21,172
13,14,1,Kolkata Knight Riders,Sunrisers Hyderabad,field,Kolkata,Kolkata Knight Riders,9,172
14,15,1,Delhi Daredevils,Delhi Daredevils,bat,Delhi,Delhi Daredevils,19,188
15,16,2,Mumbai Indians,Mumbai Indians,field,Mumbai,Mumbai Indians,8,177
16,17,1,Chennai Super Kings,Royal Challengers Bangalore,field,Bengaluru,Chennai Super Kings,10,161
17,18,2,Kolkata Knight Riders,Delhi Daredevils,bat,Delhi,Kolkata Knight Riders,9,169
18,19,1,Sunrisers Hyderabad,Kings XI Punjab,field,Hyderabad,Sunrisers Hyderabad,15,159
19,20,1,Royal Challengers Bangalore,Rajasthan Royals,field,Rajkot,Royal Challengers Bangalore,17,213
20,21,1,Sunrisers Hyderabad,Sunrisers Hyderabad,bat,Hyderabad,Sunrisers Hyderabad,17,191
21,22,2,Mumbai Indians,Mumbai Indians,field,Indore,Mumbai Indians,8,199
22,23,2,Rajasthan Royals,Rajasthan Royals,field,Kolkata,Rajasthan Royals,5,188
23,24,1,Mumbai Indians,Delhi Daredevils,field,Mumbai,Mumbai Indians,10,142
24,25,2,Chennai Super Kings,Chennai Super Kings,field,Pune,Chennai Super Kings,13,179
25,26,1,Kings XI Punjab,Rajasthan Royals,field,Rajkot,Kings XI Punjab,12,188
26,27,1,Kolkata Knight Riders,Royal Challengers Bangalore,field,Kolkata,Kolkata Knight Riders,0,131
27,28,1,Chennai Super Kings,Mumbai Indians,field,Mumbai,Chennai Super Kings,10,160
28,29,2,Kolkata Knight Riders,Kolkata Knight Riders,field,Pune,Kolkata Knight Riders,4,184
29,30,2,Rajasthan Royals,Rajasthan Royals,field,Bengaluru,Rajasthan Royals,11,135
30,31,2,Kolkata Knight Riders,Kolkata Knight Riders,field,Kolkata,Kolkata Knight Riders,5,161
31,32,1,Sunrisers Hyderabad,Kings XI Punjab,field,Chandigarh,Sunrisers Hyderabad,11,207
32,33,1,Chennai Super Kings,Royal Challengers Bangalore,field,Pune,Chennai Super Kings,10,157
33,34,2,Mumbai Indians,Rajasthan Royals,bat,Rajkot,Mumbai Indians,10,153
34,35,2,Kings XI Punjab,Kings XI Punjab,field,Chandigarh,Kings XI Punjab,9,68
35,36,1,Sunrisers Hyderabad,Kolkata Knight Riders,field,Hyderabad,Sunrisers Hyderabad,7,209
36,37,2,Mumbai Indians,Royal Challengers Bangalore,bat,Mumbai,Mumbai Indians,9,165
37,38,2,Chennai Super Kings,Chennai Super Kings,field,Pune,Chennai Super Kings,13,167
38,39,2,Delhi Daredevils,Delhi Daredevils,field,Delhi,Delhi Daredevils,4,189
39,40,2,Chennai Super Kings,Chennai Super Kings,field,Kolkata,Chennai Super Kings,7,158
40,41,2,Delhi Daredevils,Delhi Daredevils,field,Delhi,Delhi Daredevils,9,214
41,42,1,Kings XI Punjab,Royal Challengers Bangalore,field,Bengaluru,Kings XI Punjab,19,138
42,43,1,Chennai Super Kings,Sunrisers Hyderabad,field,Hyderabad,Chennai Super Kings,6,148
43,44,1,Mumbai Indians,Delhi Daredevils,field,Delhi,Mumbai Indians,23,212
44,45,2,Kolkata Knight Riders,Kolkata Knight Riders,field,Bengaluru,Kolkata Knight Riders,2,159
45,46,2,Rajasthan Royals,Rajasthan Royals,field,Chandigarh,Rajasthan Royals,10,192
46,47,2,Sunrisers Hyderabad,Mumbai Indians,bat,Hyderabad,Sunrisers Hyderabad,4,140
47,48,1,Kings XI Punjab,Kolkata Knight Riders,field,Chandigarh,Kings XI Punjab,9,167
48,49,2,Delhi Daredevils,Delhi Daredevils,field,Kanpur,Delhi Daredevils,10,197
49,50,1,Kings XI Punjab,Mumbai Indians,field,Mumbai,Kings XI Punjab,16,230
50,51,1,Delhi Daredevils,Delhi Daredevils,bat,Delhi,Delhi Daredevils,5,168
51,52,2,Sunrisers Hyderabad,Sunrisers Hyderabad,field,Kanpur,Sunrisers Hyderabad,4,158
52,53,1,Mumbai Indians,Kolkata Knight Riders,field,Kolkata,Mumbai Indians,5,173
53,54,2,Chennai Super Kings,Chennai Super Kings,field,Pune,Chennai Super Kings,11,78
54,55,1,Royal Challengers Bangalore,Royal Challengers Bangalore,bat,Delhi,Royal Challengers Bangalore,16,161
55,56,1,Chennai Super Kings,Mumbai Indians,field,Mumbai,Chennai Super Kings,15,162
56,57,2,Kolkata Knight Riders,Kolkata Knight Riders,field,Bengaluru,Kolkata Knight Riders,2,48
57,58,2,Mumbai Indians,Mumbai Indians,field,Bengaluru,Mumbai Indians,6,111
58,59,1,Mumbai Indians,Mumbai Indians,bat,Hyderabad,Mumbai Indians,14,129
59,60,1,Kolkata Knight Riders,Royal Challengers Bangalore,field,Bengaluru,Kolkata Knight Riders,22,222
60,61,1,Chennai Super Kings,Chennai Super Kings,bat,Chandigarh,Chennai Super Kings,25,240
61,62,2,Delhi Daredevils,Rajasthan Royals,bat,Delhi,Delhi Daredevils,4,132
62,63,2,Royal Challengers Bangalore,Mumbai Indians,bat,Mumbai,Royal Challengers Bangalore,3,166
63,64,2,Kolkata Knight Riders,Deccan Chargers,bat,Kolkata,Kolkata Knight Riders,9,112
64,65,2,Rajasthan Royals,Kings XI Punjab,bat,Jaipur,Rajasthan Royals,4,168
65,66,2,Delhi Daredevils,Deccan Chargers,bat,Hyderabad,Delhi Daredevils,1,143
66,67,1,Chennai Super Kings,Mumbai Indians,field,Chennai,Chennai Super Kings,14,208
67,68,2,Rajasthan Royals,Rajasthan Royals,field,Hyderabad,Rajasthan Royals,19,217
68,69,1,Kings XI Punjab,Mumbai Indians,field,Chandigarh,Kings XI Punjab,13,182
69,70,2,Rajasthan Royals,Rajasthan Royals,field,Bengaluru,Rajasthan Royals,4,138
70,71,2,Chennai Super Kings,Kolkata Knight Riders,bat,Chennai,Chennai Super Kings,13,152
71,72,2,Deccan Chargers,Deccan Chargers,field,Mumbai,Deccan Chargers,8,155
72,73,2,Kings XI Punjab,Delhi Daredevils,bat,Chandigarh,Kings XI Punjab,4,162
73,74,1,Chennai Super Kings,Chennai Super Kings,bat,Bengaluru,Chennai Super Kings,14,178
74,75,2,Mumbai Indians,Kolkata Knight Riders,bat,Kolkata,Mumbai Indians,6,138
75,76,1,Delhi Daredevils,Royal Challengers Bangalore,field,Delhi,Delhi Daredevils,7,191
76,77,2,Kings XI Punjab,Kings XI Punjab,field,Hyderabad,Kings XI Punjab,9,167
77,78,1,Rajasthan Royals,Rajasthan Royals,bat,Jaipur,Rajasthan Royals,7,196
78,79,2,Delhi Daredevils,Chennai Super Kings,bat,Chennai,Delhi Daredevils,16,172
79,80,2,Royal Challengers Bangalore,Deccan Chargers,bat,Hyderabad,Royal Challengers Bangalore,21,171
80,81,1,Kings XI Punjab,Kings XI Punjab,bat,Chandigarh,Kings XI Punjab,21,178
81,82,1,Mumbai Indians,Delhi Daredevils,field,Mumbai,Mumbai Indians,6,162
82,83,2,Rajasthan Royals,Chennai Super Kings,bat,Jaipur,Rajasthan Royals,2,110
83,84,2,Kings XI Punjab,Kings XI Punjab,field,Bengaluru,Kings XI Punjab,7,127
84,85,2,Deccan Chargers,Deccan Chargers,field,Chennai,Deccan Chargers,21,148
85,86,2,Mumbai Indians,Mumbai Indians,field,Mumbai,Mumbai Indians,2,104
86,87,2,Chennai Super Kings,Chennai Super Kings,field,Delhi,Chennai Super Kings,15,188
87,88,1,Kolkata Knight Riders,Kolkata Knight Riders,bat,Kolkata,Kolkata Knight Riders,14,129
88,89,2,Rajasthan Royals,Rajasthan Royals,field,Jaipur,Rajasthan Royals,12,141
89,90,2,Mumbai Indians,Mumbai Indians,field,Bengaluru,Mumbai Indians,9,126
90,91,1,Chennai Super Kings,Kings XI Punjab,field,Chennai,Chennai Super Kings,5,181
91,92,1,Kolkata Knight Riders,Kolkata Knight Riders,bat,Hyderabad,Kolkata Knight Riders,19,204
92,93,2,Rajasthan Royals,Rajasthan Royals,field,Jaipur,Rajasthan Royals,4,159
93,94,2,Kings XI Punjab,Royal Challengers Bangalore,bat,Chandigarh,Kings XI Punjab,3,144
94,95,1,Kolkata Knight Riders,Kolkata Knight Riders,bat,Kolkata,Kolkata Knight Riders,4,133
95,96,2,Mumbai Indians,Mumbai Indians,field,Mumbai,Mumbai Indians,26,158
96,97,1,Kings XI Punjab,Rajasthan Royals,field,Chandigarh,Kings XI Punjab,13,221
97,98,1,Delhi Daredevils,Deccan Chargers,field,Delhi,Delhi Daredevils,14,194
98,99,2,Mumbai Indians,Mumbai Indians,field,Mumbai,Mumbai Indians,15,68
99,100,2,Kings XI Punjab,Delhi Daredevils,bat,Delhi,Kings XI Punjab,9,94
100,101,1,Rajasthan Royals,Royal Challengers Bangalore,field,Jaipur,Rajasthan Royals,11,197
101,102,1,Mumbai Indians,Deccan Chargers,field,Hyderabad,Mumbai Indians,7,178
102,103,2,Chennai Super Kings,Kolkata Knight Riders,bat,Kolkata,Chennai Super Kings,8,55
103,104,2,Delhi Daredevils,Delhi Daredevils,field,Bengaluru,Delhi Daredevils,6,158
104,105,2,Rajasthan Royals,Rajasthan Royals,field,Kolkata,Rajasthan Royals,16,150
105,106,1,Kings XI Punjab,Mumbai Indians,field,Mumbai,Kings XI Punjab,18,189
106,107,1,Royal Challengers Bangalore,Royal Challengers Bangalore,bat,Chennai,Royal Challengers Bangalore,4,126
107,108,2,Kings XI Punjab,Kings XI Punjab,field,Chandigarh,Kings XI Punjab,7,178
108,109,2,Delhi Daredevils,Delhi Daredevils,field,Delhi,Delhi Daredevils,10,179
109,110,1,Rajasthan Royals,Rajasthan Royals,bat,Chennai,Rajasthan Royals,8,211
110,111,1,Royal Challengers Bangalore,Deccan Chargers,field,Bengaluru,Royal Challengers Bangalore,13,156
111,112,2,Kolkata Knight Riders,Kings XI Punjab,bat,Kolkata,Kolkata Knight Riders,15,175
112,113,2,Rajasthan Royals,Rajasthan Royals,field,Jaipur,Rajasthan Royals,15,146
113,114,2,Chennai Super Kings,Deccan Chargers,bat,Hyderabad,Chennai Super Kings,7,148
114,115,1,Rajasthan Royals,Delhi Daredevils,field,Mumbai,Rajasthan Royals,4,192
115,116,2,Chennai Super Kings,Kings XI Punjab,bat,Mumbai,Chennai Super Kings,16,116
116,117,2,Rajasthan Royals,Rajasthan Royals,field,Mumbai,Rajasthan Royals,8,164
117,118,1,Mumbai Indians,Chennai Super Kings,field,Cape Town,Mumbai Indians,8,165
118,119,1,Royal Challengers Bangalore,Royal Challengers Bangalore,bat,Cape Town,Royal Challengers Bangalore,16,133
119,120,2,Delhi Daredevils,Delhi Daredevils,field,Cape Town,Delhi Daredevils,12,58
120,121,2,Deccan Chargers,Kolkata Knight Riders,bat,Cape Town,Deccan Chargers,4,104
121,122,1,Chennai Super Kings,Chennai Super Kings,bat,Port Elizabeth,Chennai Super Kings,14,179
122,123,2,Kolkata Knight Riders,Kolkata Knight Riders,field,Durban,Kolkata Knight Riders,1,79
123,124,1,Deccan Chargers,Deccan Chargers,bat,Cape Town,Deccan Chargers,10,184
124,125,1,Delhi Daredevils,Delhi Daredevils,bat,Durban,Delhi Daredevils,6,189
125,126,1,Rajasthan Royals,Kolkata Knight Riders,field,Cape Town,Rajasthan Royals,18,150
126,127,2,Kings XI Punjab,Royal Challengers Bangalore,bat,Durban,Kings XI Punjab,15,173
127,128,1,Deccan Chargers,Deccan Chargers,bat,Durban,Deccan Chargers,5,168
128,129,2,Delhi Daredevils,Royal Challengers Bangalore,bat,Port Elizabeth,Delhi Daredevils,3,150
129,130,1,Kings XI Punjab,Kings XI Punjab,bat,Cape Town,Kings XI Punjab,9,139
130,131,2,Deccan Chargers,Deccan Chargers,field,Durban,Deccan Chargers,11,169
131,132,1,Mumbai Indians,Mumbai Indians,bat,Port Elizabeth,Mumbai Indians,10,187
132,133,2,Rajasthan Royals,Delhi Daredevils,bat,Centurion,Rajasthan Royals,6,147
133,134,2,Royal Challengers Bangalore,Kolkata Knight Riders,bat,Durban,Royal Challengers Bangalore,13,143
134,135,1,Kings XI Punjab,Kings XI Punjab,bat,Durban,Kings XI Punjab,12,119
135,136,2,Delhi Daredevils,Delhi Daredevils,field,Centurion,Delhi Daredevils,18,150
136,137,1,Chennai Super Kings,Rajasthan Royals,field,Centurion,Chennai Super Kings,11,164
137,138,1,Mumbai Indians,Mumbai Indians,bat,East London,Mumbai Indians,16,148
138,139,1,Royal Challengers Bangalore,Royal Challengers Bangalore,bat,Durban,Royal Challengers Bangalore,10,145
139,140,2,Rajasthan Royals,Deccan Chargers,bat,Port Elizabeth,Rajasthan Royals,2,142
140,141,1,Chennai Super Kings,Delhi Daredevils,field,Johannesburg,Chennai Super Kings,10,163
141,142,2,Kings XI Punjab,Kolkata Knight Riders,bat,Port Elizabeth,Kings XI Punjab,7,154
142,143,2,Royal Challengers Bangalore,Mumbai Indians,bat,Johannesburg,Royal Challengers Bangalore,1,150
143,144,1,Chennai Super Kings,Chennai Super Kings,bat,East London,Chennai Super Kings,13,178
144,145,1,Rajasthan Royals,Kings XI Punjab,field,Durban,Rajasthan Royals,9,211
145,146,2,Delhi Daredevils,Kolkata Knight Riders,bat,Durban,Delhi Daredevils,13,157
146,147,1,Deccan Chargers,Deccan Chargers,bat,Centurion,Deccan Chargers,9,145
147,148,2,Rajasthan Royals,Rajasthan Royals,field,Centurion,Rajasthan Royals,16,107
148,149,1,Chennai Super Kings,Chennai Super Kings,bat,Centurion,Chennai Super Kings,9,185
149,150,2,Delhi Daredevils,Mumbai Indians,bat,East London,Delhi Daredevils,11,118
150,151,2,Kings XI Punjab,Kings XI Punjab,field,Kimberley,Kings XI Punjab,8,169
151,152,2,Chennai Super Kings,Rajasthan Royals,bat,Kimberley,Chennai Super Kings,3,141
152,153,1,Mumbai Indians,Mumbai Indians,bat,Port Elizabeth,Mumbai Indians,14,157
153,154,2,Delhi Daredevils,Delhi Daredevils,field,Johannesburg,Delhi Daredevils,4,125
154,155,1,Deccan Chargers,Deccan Chargers,bat,Kimberley,Deccan Chargers,10,166
155,156,2,Royal Challengers Bangalore,Royal Challengers Bangalore,field,Centurion,Royal Challengers Bangalore,7,176
156,157,2,Mumbai Indians,Kings XI Punjab,bat,Centurion,Mumbai Indians,5,122
157,158,1,Delhi Daredevils,Deccan Chargers,field,Durban,Delhi Daredevils,23,173
158,159,2,Royal Challengers Bangalore,Chennai Super Kings,bat,Durban,Royal Challengers Bangalore,7,132
159,160,1,Rajasthan Royals,Rajasthan Royals,bat,Durban,Rajasthan Royals,3,145
160,161,2,Kings XI Punjab,Kings XI Punjab,field,Bloemfontein,Kings XI Punjab,4,123
161,162,2,Chennai Super Kings,Mumbai Indians,bat,Port Elizabeth,Chennai Super Kings,6,151
162,163,2,Deccan Chargers,Deccan Chargers,field,Johannesburg,Deccan Chargers,26,166
163,164,1,Kings XI Punjab,Deccan Chargers,field,Johannesburg,Kings XI Punjab,7,134
164,165,1,Delhi Daredevils,Delhi Daredevils,bat,Bloemfontein,Delhi Daredevils,10,150
165,166,2,Kolkata Knight Riders,Chennai Super Kings,bat,Centurion,Kolkata Knight Riders,6,189
166,167,2,Royal Challengers Bangalore,Delhi Daredevils,bat,Johannesburg,Royal Challengers Bangalore,9,135
167,168,2,Kolkata Knight Riders,Kolkata Knight Riders,field,Durban,Kolkata Knight Riders,4,102
168,169,1,Chennai Super Kings,Chennai Super Kings,bat,Durban,Chennai Super Kings,6,116
169,170,2,Delhi Daredevils,Delhi Daredevils,field,Centurion,Delhi Daredevils,12,166
170,171,1,Royal Challengers Bangalore,Royal Challengers Bangalore,bat,Centurion,Royal Challengers Bangalore,23,170
171,172,2,Deccan Chargers,Deccan Chargers,field,Centurion,Deccan Chargers,2,154
172,173,2,Royal Challengers Bangalore,Royal Challengers Bangalore,field,Johannesburg,Royal Challengers Bangalore,14,149
173,174,1,Deccan Chargers,Royal Challengers Bangalore,field,Johannesburg,Deccan Chargers,9,143
174,175,1,Kolkata Knight Riders,Deccan Chargers,field,Mumbai,Kolkata Knight Riders,11,161
175,176,1,Mumbai Indians,Mumbai Indians,bat,Mumbai,Mumbai Indians,12,212
176,177,2,Delhi Daredevils,Delhi Daredevils,field,Chandigarh,Delhi Daredevils,7,146
177,178,2,Kolkata Knight Riders,Kolkata Knight Riders,field,Kolkata,Kolkata Knight Riders,1,136
178,179,1,Deccan Chargers,Deccan Chargers,bat,Chennai,Deccan Chargers,22,190
179,180,2,Delhi Daredevils,Delhi Daredevils,field,Ahmedabad,Delhi Daredevils,2,142
180,181,2,Royal Challengers Bangalore,Kings XI Punjab,bat,Bengaluru,Royal Challengers Bangalore,11,204
181,182,1,Chennai Super Kings,Chennai Super Kings,bat,Kolkata,Chennai Super Kings,16,164
182,183,1,Mumbai Indians,Delhi Daredevils,field,Delhi,Mumbai Indians,12,218
183,184,2,Royal Challengers Bangalore,Royal Challengers Bangalore,field,Bengaluru,Royal Challengers Bangalore,3,93
184,185,2,Chennai Super Kings,Delhi Daredevils,bat,Delhi,Chennai Super Kings,6,190
185,186,1,Deccan Chargers,Kings XI Punjab,field,Cuttack,Deccan Chargers,8,170
186,187,1,Rajasthan Royals,Rajasthan Royals,bat,Ahmedabad,Rajasthan Royals,17,168
187,188,2,Royal Challengers Bangalore,Mumbai Indians,bat,Mumbai,Royal Challengers Bangalore,4,155
188,189,1,Deccan Chargers,Deccan Chargers,bat,Cuttack,Deccan Chargers,7,171
189,190,1,Kings XI Punjab,Chennai Super Kings,field,Chennai,Kings XI Punjab,12,136
190,191,2,Mumbai Indians,Kolkata Knight Riders,bat,Mumbai,Mumbai Indians,4,156
191,192,1,Royal Challengers Bangalore,Chennai Super Kings,field,Bengaluru,Royal Challengers Bangalore,17,171
192,193,1,Rajasthan Royals,Kings XI Punjab,field,Chandigarh,Rajasthan Royals,13,183
193,194,2,Mumbai Indians,Mumbai Indians,field,Mumbai,Mumbai Indians,13,181
194,195,2,Rajasthan Royals,Deccan Chargers,bat,Ahmedabad,Rajasthan Royals,12,151
195,196,1,Kolkata Knight Riders,Kolkata Knight Riders,bat,Chandigarh,Kolkata Knight Riders,21,183
196,197,1,Delhi Daredevils,Royal Challengers Bangalore,field,Bengaluru,Delhi Daredevils,12,183
197,198,1,Rajasthan Royals,Rajasthan Royals,bat,Ahmedabad,Rajasthan Royals,7,177
198,199,1,Mumbai Indians,Deccan Chargers,field,Mumbai,Mumbai Indians,20,172
199,200,1,Delhi Daredevils,Delhi Daredevils,bat,Delhi,Delhi Daredevils,12,177
200,201,2,Mumbai Indians,Mumbai Indians,field,Mumbai,Mumbai Indians,6,164
201,202,2,Chennai Super Kings,Royal Challengers Bangalore,bat,Chennai,Chennai Super Kings,16,162
202,203,1,Delhi Daredevils,Delhi Daredevils,bat,Delhi,Delhi Daredevils,11,188
203,204,1,Kolkata Knight Riders,Kolkata Knight Riders,bat,Kolkata,Kolkata Knight Riders,12,181
204,205,2,Royal Challengers Bangalore,Kings XI Punjab,bat,Chandigarh,Royal Challengers Bangalore,5,184
205,206,1,Chennai Super Kings,Chennai Super Kings,bat,Chennai,Chennai Super Kings,11,246
206,207,1,Mumbai Indians,Mumbai Indians,bat,Mumbai,Mumbai Indians,14,178
207,208,2,Kings XI Punjab,Kolkata Knight Riders,bat,Kolkata,Kings XI Punjab,8,204
208,209,1,Delhi Daredevils,Delhi Daredevils,bat,Delhi,Delhi Daredevils,11,184
209,210,1,Rajasthan Royals,Rajasthan Royals,bat,Nagpur,Rajasthan Royals,7,159
210,211,1,Chennai Super Kings,Chennai Super Kings,bat,Chennai,Chennai Super Kings,13,165
211,212,2,Rajasthan Royals,Kings XI Punjab,bat,Jaipur,Rajasthan Royals,14,157
212,213,1,Kolkata Knight Riders,Kolkata Knight Riders,bat,Kolkata,Kolkata Knight Riders,14,181
213,214,2,Deccan Chargers,Deccan Chargers,field,Bengaluru,Deccan Chargers,10,186
214,215,2,Kings XI Punjab,Mumbai Indians,bat,Chandigarh,Kings XI Punjab,6,158
215,216,2,Deccan Chargers,Chennai Super Kings,bat,Nagpur,Deccan Chargers,2,139
216,217,2,Royal Challengers Bangalore,Royal Challengers Bangalore,field,Bengaluru,Royal Challengers Bangalore,4,162
217,218,2,Kings XI Punjab,Delhi Daredevils,bat,Delhi,Kings XI Punjab,1,112
218,219,1,Mumbai Indians,Rajasthan Royals,field,Jaipur,Mumbai Indians,20,174
219,220,1,Deccan Chargers,Royal Challengers Bangalore,field,Nagpur,Deccan Chargers,10,151
220,221,1,Mumbai Indians,Mumbai Indians,bat,Mumbai,Mumbai Indians,25,183
221,222,2,Chennai Super Kings,Kolkata Knight Riders,bat,Chennai,Chennai Super Kings,7,143
222,223,2,Royal Challengers Bangalore,Rajasthan Royals,bat,Jaipur,Royal Challengers Bangalore,8,132
223,224,2,Delhi Daredevils,Chennai Super Kings,bat,Chennai,Delhi Daredevils,4,113
224,225,2,Deccan Chargers,Deccan Chargers,field,Dharamsala,Deccan Chargers,4,178
225,226,1,Mumbai Indians,Royal Challengers Bangalore,field,Bengaluru,Mumbai Indians,12,191
226,227,2,Kolkata Knight Riders,Rajasthan Royals,bat,Kolkata,Kolkata Knight Riders,1,133
227,228,2,Chennai Super Kings,Chennai Super Kings,field,Dharamsala,Chennai Super Kings,18,195
228,229,1,Deccan Chargers,Deccan Chargers,bat,Delhi,Deccan Chargers,7,145
229,230,2,Kolkata Knight Riders,Mumbai Indians,bat,Kolkata,Kolkata Knight Riders,6,135
230,231,1,Mumbai Indians,Mumbai Indians,bat,Mumbai,Mumbai Indians,16,184
231,232,1,Chennai Super Kings,Chennai Super Kings,bat,Mumbai,Chennai Super Kings,14,142
232,233,2,Royal Challengers Bangalore,Deccan Chargers,bat,Mumbai,Royal Challengers Bangalore,8,86
233,234,1,Chennai Super Kings,Chennai Super Kings,bat,Mumbai,Chennai Super Kings,11,168
234,235,1,Chennai Super Kings,Chennai Super Kings,bat,Chennai,Chennai Super Kings,16,153
235,236,2,Rajasthan Royals,Rajasthan Royals,field,Hyderabad,Rajasthan Royals,18,141
236,237,2,Royal Challengers Bangalore,Deccan Chargers,bat,Kochi,Royal Challengers Bangalore,13,162
237,238,2,Mumbai Indians,Delhi Daredevils,bat,Delhi,Mumbai Indians,9,99
238,239,2,Sunrisers Hyderabad,Kings XI Punjab,bat,Mumbai,Sunrisers Hyderabad,5,113
239,240,1,Kolkata Knight Riders,Kolkata Knight Riders,bat,Kolkata,Kolkata Knight Riders,8,163
240,241,2,Rajasthan Royals,Delhi Daredevils,bat,Jaipur,Rajasthan Royals,11,152
241,242,2,Mumbai Indians,Mumbai Indians,field,Bengaluru,Mumbai Indians,5,143
242,243,2,Kings XI Punjab,Kings XI Punjab,field,Chandigarh,Kings XI Punjab,6,193
243,244,2,Sunrisers Hyderabad,Deccan Chargers,bat,Mumbai,Sunrisers Hyderabad,16,151
244,245,1,Deccan Chargers,Royal Challengers Bangalore,field,Hyderabad,Deccan Chargers,8,175
245,246,2,Kolkata Knight Riders,Kolkata Knight Riders,field,Jaipur,Kolkata Knight Riders,3,160
246,247,2,Deccan Chargers,Deccan Chargers,field,Mumbai,Deccan Chargers,20,184
247,248,1,Chennai Super Kings,Chennai Super Kings,bat,Chennai,Chennai Super Kings,7,183
248,249,2,Kings XI Punjab,Kings XI Punjab,field,Hyderabad,Kings XI Punjab,10,166
249,250,2,Delhi Daredevils,Delhi Daredevils,field,Mumbai,Delhi Daredevils,10,190
250,251,2,Kolkata Knight Riders,Kolkata Knight Riders,field,Kolkata,Kolkata Knight Riders,21,85
251,252,2,Deccan Chargers,Deccan Chargers,field,Kochi,Deccan Chargers,11,135
252,253,1,Deccan Chargers,Deccan Chargers,bat,Delhi,Deccan Chargers,10,168
253,254,2,Mumbai Indians,Sunrisers Hyderabad,bat,Mumbai,Mumbai Indians,10,124
254,255,1,Deccan Chargers,Kolkata Knight Riders,field,Kolkata,Deccan Chargers,4,132
255,256,1,Kings XI Punjab,Rajasthan Royals,field,Chandigarh,Kings XI Punjab,5,195
256,257,1,Mumbai Indians,Chennai Super Kings,field,Mumbai,Mumbai Indians,4,164
257,258,2,Royal Challengers Bangalore,Royal Challengers Bangalore,field,Kolkata,Royal Challengers Bangalore,4,175
258,259,1,Delhi Daredevils,Kings XI Punjab,field,Delhi,Delhi Daredevils,22,231
259,260,1,Mumbai Indians,Deccan Chargers,field,Hyderabad,Mumbai Indians,24,172
260,261,2,Rajasthan Royals,Rajasthan Royals,field,Jaipur,Rajasthan Royals,4,111
261,262,1,Chennai Super Kings,Sunrisers Hyderabad,field,Chennai,Chennai Super Kings,9,142
262,263,2,Royal Challengers Bangalore,Royal Challengers Bangalore,field,Delhi,Royal Challengers Bangalore,3,161
263,264,2,Chennai Super Kings,Sunrisers Hyderabad,bat,Mumbai,Chennai Super Kings,5,145
264,265,1,Deccan Chargers,Deccan Chargers,field,Kochi,Deccan Chargers,4,129
265,266,1,Kolkata Knight Riders,Delhi Daredevils,field,Delhi,Kolkata Knight Riders,8,148
266,267,2,Rajasthan Royals,Rajasthan Royals,field,Jaipur,Rajasthan Royals,1,95
267,268,1,Royal Challengers Bangalore,Sunrisers Hyderabad,field,Bengaluru,Royal Challengers Bangalore,6,181
268,269,1,Delhi Daredevils,Delhi Daredevils,bat,Kochi,Delhi Daredevils,10,157
269,270,2,Kolkata Knight Riders,Kolkata Knight Riders,field,Kolkata,Kolkata Knight Riders,5,120
270,271,2,Rajasthan Royals,Rajasthan Royals,field,Jaipur,Rajasthan Royals,6,144
271,272,1,Chennai Super Kings,Chennai Super Kings,bat,Chennai,Chennai Super Kings,8,165
272,273,1,Mumbai Indians,Kings XI Punjab,field,Mumbai,Mumbai Indians,11,159
273,274,2,Deccan Chargers,Deccan Chargers,field,Delhi,Deccan Chargers,14,141
274,275,1,Kolkata Knight Riders,Deccan Chargers,field,Hyderabad,Kolkata Knight Riders,11,169
275,276,2,Chennai Super Kings,Rajasthan Royals,bat,Chennai,Chennai Super Kings,7,149
276,277,1,Mumbai Indians,Sunrisers Hyderabad,field,Mumbai,Mumbai Indians,8,160
277,278,1,Deccan Chargers,Kolkata Knight Riders,field,Kochi,Deccan Chargers,22,156
278,279,2,Delhi Daredevils,Delhi Daredevils,field,Hyderabad,Delhi Daredevils,11,179
279,280,1,Royal Challengers Bangalore,Kings XI Punjab,field,Bengaluru,Royal Challengers Bangalore,8,205
280,281,2,Kolkata Knight Riders,Chennai Super Kings,bat,Kolkata,Kolkata Knight Riders,9,61
281,282,1,Mumbai Indians,Delhi Daredevils,field,Mumbai,Mumbai Indians,5,178
282,283,2,Royal Challengers Bangalore,Deccan Chargers,bat,Bengaluru,Royal Challengers Bangalore,4,128
283,284,2,Sunrisers Hyderabad,Kings XI Punjab,bat,Chandigarh,Sunrisers Hyderabad,1,120
284,285,1,Chennai Super Kings,Rajasthan Royals,field,Jaipur,Chennai Super Kings,8,196
285,286,2,Sunrisers Hyderabad,Deccan Chargers,bat,Hyderabad,Sunrisers Hyderabad,1,137
286,287,1,Kings XI Punjab,Mumbai Indians,field,Chandigarh,Kings XI Punjab,8,163
287,288,2,Royal Challengers Bangalore,Royal Challengers Bangalore,field,Jaipur,Royal Challengers Bangalore,12,151
288,289,1,Chennai Super Kings,Chennai Super Kings,bat,Chennai,Chennai Super Kings,17,176
289,290,2,Kings XI Punjab,Kings XI Punjab,field,Indore,Kings XI Punjab,12,181
290,291,2,Royal Challengers Bangalore,Royal Challengers Bangalore,field,Bengaluru,Royal Challengers Bangalore,6,105
291,292,1,Deccan Chargers,Deccan Chargers,bat,Mumbai,Deccan Chargers,23,135
292,293,1,Kings XI Punjab,Delhi Daredevils,field,Dharamsala,Kings XI Punjab,12,170
293,294,2,Deccan Chargers,Deccan Chargers,field,Indore,Deccan Chargers,1,98
294,295,2,Deccan Chargers,Deccan Chargers,field,Mumbai,Deccan Chargers,5,138
295,296,1,Kings XI Punjab,Kings XI Punjab,bat,Dharamsala,Kings XI Punjab,12,232
296,297,1,Chennai Super Kings,Chennai Super Kings,bat,Chennai,Chennai Super Kings,11,152
297,298,2,Kolkata Knight Riders,Kolkata Knight Riders,field,Mumbai,Kolkata Knight Riders,2,119
298,299,2,Rajasthan Royals,Mumbai Indians,bat,Mumbai,Rajasthan Royals,4,134
299,300,1,Deccan Chargers,Kings XI Punjab,field,Dharamsala,Deccan Chargers,8,198
300,302,2,Royal Challengers Bangalore,Royal Challengers Bangalore,field,Bengaluru,Royal Challengers Bangalore,13,129
301,303,2,Mumbai Indians,Mumbai Indians,field,Kolkata,Mumbai Indians,23,178
302,304,2,Chennai Super Kings,Chennai Super Kings,field,Mumbai,Chennai Super Kings,13,177
303,305,2,Mumbai Indians,Mumbai Indians,field,Mumbai,Mumbai Indians,7,148
304,306,1,Royal Challengers Bangalore,Mumbai Indians,field,Chennai,Royal Challengers Bangalore,7,185
305,307,1,Chennai Super Kings,Chennai Super Kings,bat,Chennai,Chennai Super Kings,7,205
306,308,2,Mumbai Indians,Mumbai Indians,field,Chennai,Mumbai Indians,11,115
307,309,2,Delhi Daredevils,Delhi Daredevils,field,Kolkata,Delhi Daredevils,4,100
308,310,1,Sunrisers Hyderabad,Mumbai Indians,field,Mumbai,Sunrisers Hyderabad,5,129
309,311,1,Rajasthan Royals,Kings XI Punjab,field,Jaipur,Rajasthan Royals,13,191
310,312,1,Royal Challengers Bangalore,Delhi Daredevils,field,Bengaluru,Royal Challengers Bangalore,10,157
311,313,1,Chennai Super Kings,Deccan Chargers,field,Visakhapatnam,Chennai Super Kings,23,193
312,314,1,Rajasthan Royals,Kolkata Knight Riders,field,Jaipur,Rajasthan Royals,8,164
313,315,1,Sunrisers Hyderabad,Sunrisers Hyderabad,bat,Pune,Sunrisers Hyderabad,8,166
314,316,2,Mumbai Indians,Deccan Chargers,bat,Visakhapatnam,Mumbai Indians,21,142
315,317,1,Kolkata Knight Riders,Royal Challengers Bangalore,field,Bengaluru,Kolkata Knight Riders,12,165
316,318,2,Delhi Daredevils,Delhi Daredevils,field,Delhi,Delhi Daredevils,3,111
317,319,1,Mumbai Indians,Rajasthan Royals,field,Mumbai,Mumbai Indians,13,197
318,320,2,Chennai Super Kings,Royal Challengers Bangalore,bat,Chennai,Chennai Super Kings,17,208
319,321,2,Kings XI Punjab,Kings XI Punjab,field,Chandigarh,Kings XI Punjab,7,116
320,322,2,Kolkata Knight Riders,Rajasthan Royals,bat,Kolkata,Kolkata Knight Riders,6,137
321,323,2,Delhi Daredevils,Deccan Chargers,bat,Delhi,Delhi Daredevils,6,162
322,324,2,Sunrisers Hyderabad,Chennai Super Kings,bat,Pune,Sunrisers Hyderabad,10,156
323,325,1,Kings XI Punjab,Kolkata Knight Riders,field,Kolkata,Kings XI Punjab,11,134
324,326,1,Rajasthan Royals,Rajasthan Royals,bat,Bengaluru,Rajasthan Royals,11,195
325,327,2,Delhi Daredevils,Delhi Daredevils,field,Mumbai,Delhi Daredevils,6,93
326,328,2,Rajasthan Royals,Deccan Chargers,bat,Jaipur,Rajasthan Royals,11,197
327,329,2,Royal Challengers Bangalore,Sunrisers Hyderabad,bat,Bengaluru,Royal Challengers Bangalore,24,186
328,330,2,Kolkata Knight Riders,Kings XI Punjab,bat,Chandigarh,Kolkata Knight Riders,10,127
329,331,2,Delhi Daredevils,Deccan Chargers,bat,Hyderabad,Delhi Daredevils,10,193
330,332,1,Chennai Super Kings,Sunrisers Hyderabad,field,Chennai,Chennai Super Kings,18,164
331,333,2,Royal Challengers Bangalore,Royal Challengers Bangalore,field,Chandigarh,Royal Challengers Bangalore,6,166
332,334,2,Chennai Super Kings,Rajasthan Royals,bat,Chennai,Chennai Super Kings,8,147
333,335,1,Sunrisers Hyderabad,Delhi Daredevils,field,Delhi,Sunrisers Hyderabad,12,192
334,336,2,Kings XI Punjab,Mumbai Indians,bat,Mumbai,Kings XI Punjab,9,164
335,337,2,Kolkata Knight Riders,Kolkata Knight Riders,field,Cuttack,Kolkata Knight Riders,1,127
336,338,1,Royal Challengers Bangalore,Rajasthan Royals,field,Jaipur,Royal Challengers Bangalore,15,189
337,339,2,Delhi Daredevils,Sunrisers Hyderabad,bat,Pune,Delhi Daredevils,14,148
338,340,2,Mumbai Indians,Kings XI Punjab,bat,Chandigarh,Mumbai Indians,7,171
339,341,1,Deccan Chargers,Deccan Chargers,bat,Pune,Deccan Chargers,9,177
340,342,1,Delhi Daredevils,Mumbai Indians,field,Delhi,Delhi Daredevils,10,207
341,343,1,Kings XI Punjab,Kings XI Punjab,bat,Chennai,Kings XI Punjab,7,156
342,344,1,Kolkata Knight Riders,Kolkata Knight Riders,bat,Kolkata,Kolkata Knight Riders,9,190
343,345,1,Delhi Daredevils,Delhi Daredevils,bat,Delhi,Delhi Daredevils,20,152
344,346,2,Mumbai Indians,Mumbai Indians,field,Mumbai,Mumbai Indians,4,101
345,347,2,Kolkata Knight Riders,Chennai Super Kings,bat,Chennai,Kolkata Knight Riders,6,140
346,348,1,Deccan Chargers,Deccan Chargers,bat,Cuttack,Deccan Chargers,6,186
347,349,2,Delhi Daredevils,Rajasthan Royals,bat,Jaipur,Delhi Daredevils,10,144
348,350,2,Kings XI Punjab,Kings XI Punjab,field,Bengaluru,Kings XI Punjab,9,163
349,351,1,Mumbai Indians,Mumbai Indians,bat,Pune,Mumbai Indians,4,120
350,352,1,Chennai Super Kings,Chennai Super Kings,bat,Chennai,Chennai Super Kings,13,160
351,353,1,Kolkata Knight Riders,Kolkata Knight Riders,bat,Kolkata,Kolkata Knight Riders,9,150
352,354,1,Rajasthan Royals,Rajasthan Royals,bat,Chandigarh,Rajasthan Royals,11,177
353,355,2,Mumbai Indians,Mumbai Indians,field,Mumbai,Mumbai Indians,16,174
354,356,2,Royal Challengers Bangalore,Royal Challengers Bangalore,field,Bengaluru,Royal Challengers Bangalore,19,185
355,357,2,Kolkata Knight Riders,Delhi Daredevils,bat,Delhi,Kolkata Knight Riders,3,154
356,358,2,Rajasthan Royals,Sunrisers Hyderabad,bat,Pune,Rajasthan Royals,5,126
357,359,1,Kings XI Punjab,Deccan Chargers,field,Hyderabad,Kings XI Punjab,13,170
358,360,2,Royal Challengers Bangalore,Royal Challengers Bangalore,field,Mumbai,Royal Challengers Bangalore,16,142
359,361,2,Chennai Super Kings,Chennai Super Kings,field,Jaipur,Chennai Super Kings,12,127
360,362,1,Royal Challengers Bangalore,Sunrisers Hyderabad,field,Pune,Royal Challengers Bangalore,15,173
361,363,1,Mumbai Indians,Mumbai Indians,bat,Kolkata,Mumbai Indians,8,182
362,364,2,Chennai Super Kings,Chennai Super Kings,field,Chennai,Chennai Super Kings,3,115
363,365,1,Rajasthan Royals,Rajasthan Royals,bat,Jaipur,Rajasthan Royals,9,170
364,366,2,Kings XI Punjab,Deccan Chargers,bat,Chandigarh,Kings XI Punjab,19,194
365,367,2,Mumbai Indians,Mumbai Indians,field,Bengaluru,Mumbai Indians,15,173
366,368,2,Chennai Super Kings,Chennai Super Kings,field,Kolkata,Chennai Super Kings,10,160
367,369,2,Delhi Daredevils,Kings XI Punjab,bat,Delhi,Delhi Daredevils,14,140
368,370,1,Kolkata Knight Riders,Mumbai Indians,field,Mumbai,Kolkata Knight Riders,7,140
369,371,2,Kings XI Punjab,Kings XI Punjab,field,Dharamsala,Kings XI Punjab,4,123
370,372,1,Royal Challengers Bangalore,Delhi Daredevils,field,Delhi,Royal Challengers Bangalore,12,215
371,373,2,Deccan Chargers,Rajasthan Royals,bat,Hyderabad,Deccan Chargers,10,128
372,374,2,Delhi Daredevils,Delhi Daredevils,field,Dharamsala,Delhi Daredevils,4,145
373,375,1,Kolkata Knight Riders,Kolkata Knight Riders,bat,Pune,Kolkata Knight Riders,9,136
374,376,1,Deccan Chargers,Royal Challengers Bangalore,field,Hyderabad,Deccan Chargers,6,132
375,377,2,Mumbai Indians,Rajasthan Royals,bat,Jaipur,Mumbai Indians,1,163
376,378,1,Kolkata Knight Riders,Kolkata Knight Riders,bat,Pune,Kolkata Knight Riders,21,162
377,379,1,Chennai Super Kings,Mumbai Indians,field,Bengaluru,Chennai Super Kings,19,187
378,380,1,Chennai Super Kings,Delhi Daredevils,field,Chennai,Chennai Super Kings,7,222
379,381,2,Kolkata Knight Riders,Chennai Super Kings,bat,Chennai,Kolkata Knight Riders,10,192
380,382,2,Kolkata Knight Riders,Kolkata Knight Riders,field,Kolkata,Kolkata Knight Riders,3,129
381,383,1,Royal Challengers Bangalore,Mumbai Indians,field,Bengaluru,Royal Challengers Bangalore,16,156
382,384,1,Sunrisers Hyderabad,Sunrisers Hyderabad,field,Hyderabad,Sunrisers Hyderabad,9,126
383,385,1,Rajasthan Royals,Rajasthan Royals,bat,Delhi,Rajasthan Royals,4,165
384,386,1,Mumbai Indians,Mumbai Indians,bat,Chennai,Mumbai Indians,15,148
385,387,2,Kings XI Punjab,Sunrisers Hyderabad,bat,Pune,Kings XI Punjab,1,100
386,388,2,Sunrisers Hyderabad,Royal Challengers Bangalore,bat,Hyderabad,Sunrisers Hyderabad,6,130
387,389,1,Rajasthan Royals,Kolkata Knight Riders,field,Jaipur,Rajasthan Royals,12,144
388,390,1,Mumbai Indians,Mumbai Indians,bat,Mumbai,Mumbai Indians,20,209
389,391,2,Chennai Super Kings,Chennai Super Kings,field,Chandigarh,Chennai Super Kings,7,139
390,392,2,Royal Challengers Bangalore,Royal Challengers Bangalore,field,Bengaluru,Royal Challengers Bangalore,13,158
391,393,2,Sunrisers Hyderabad,Rajasthan Royals,bat,Pune,Sunrisers Hyderabad,10,148
392,394,2,Sunrisers Hyderabad,Delhi Daredevils,bat,Delhi,Sunrisers Hyderabad,6,115
393,395,1,Mumbai Indians,Mumbai Indians,bat,Mumbai,Mumbai Indians,16,183
394,396,2,Chennai Super Kings,Chennai Super Kings,field,Chennai,Chennai Super Kings,16,166
395,397,1,Kolkata Knight Riders,Kolkata Knight Riders,bat,Kolkata,Kolkata Knight Riders,8,180
396,398,2,Rajasthan Royals,Rajasthan Royals,field,Jaipur,Rajasthan Royals,6,126
397,399,1,Sunrisers Hyderabad,Sunrisers Hyderabad,bat,Chennai,Sunrisers Hyderabad,12,159
398,400,1,Kings XI Punjab,Kolkata Knight Riders,field,Chandigarh,Kings XI Punjab,7,157
399,401,2,Royal Challengers Bangalore,Royal Challengers Bangalore,field,Bengaluru,Royal Challengers Bangalore,11,152
400,402,1,Sunrisers Hyderabad,Sunrisers Hyderabad,field,Pune,Sunrisers Hyderabad,14,119
401,403,1,Rajasthan Royals,Rajasthan Royals,bat,Jaipur,Rajasthan Royals,19,179
402,404,1,Chennai Super Kings,Chennai Super Kings,bat,Delhi,Chennai Super Kings,9,169
403,405,2,Sunrisers Hyderabad,Kings XI Punjab,bat,Hyderabad,Sunrisers Hyderabad,21,127
404,406,2,Chennai Super Kings,Kolkata Knight Riders,bat,Kolkata,Chennai Super Kings,6,124
405,407,2,Royal Challengers Bangalore,Royal Challengers Bangalore,field,Bengaluru,Royal Challengers Bangalore,15,123
406,408,2,Delhi Daredevils,Mumbai Indians,bat,Delhi,Delhi Daredevils,13,165
407,409,2,Kings XI Punjab,Kings XI Punjab,field,Chandigarh,Kings XI Punjab,16,186
408,410,2,Chennai Super Kings,Rajasthan Royals,bat,Chennai,Chennai Super Kings,11,186
409,411,1,Royal Challengers Bangalore,Sunrisers Hyderabad,field,Bengaluru,Royal Challengers Bangalore,10,263
410,412,1,Kings XI Punjab,Delhi Daredevils,field,Dharamsala,Kings XI Punjab,6,171
411,413,2,Mumbai Indians,Kolkata Knight Riders,bat,Kolkata,Mumbai Indians,12,162
412,414,2,Chennai Super Kings,Sunrisers Hyderabad,bat,Chennai,Chennai Super Kings,15,160
413,415,2,Kolkata Knight Riders,Kings XI Punjab,bat,Kolkata,Kolkata Knight Riders,2,150
414,416,2,Rajasthan Royals,Sunrisers Hyderabad,bat,Jaipur,Rajasthan Royals,16,146
415,417,1,Mumbai Indians,Mumbai Indians,bat,Mumbai,Mumbai Indians,8,194
416,418,1,Chennai Super Kings,Kolkata Knight Riders,field,Chennai,Chennai Super Kings,12,200
417,419,1,Delhi Daredevils,Sunrisers Hyderabad,field,Raipur,Delhi Daredevils,13,164
418,420,2,Rajasthan Royals,Rajasthan Royals,field,Jaipur,Rajasthan Royals,7,173
419,421,1,Mumbai Indians,Mumbai Indians,bat,Mumbai,Mumbai Indians,27,174
420,422,1,Chennai Super Kings,Chennai Super Kings,bat,Pune,Chennai Super Kings,14,164
421,423,2,Sunrisers Hyderabad,Mumbai Indians,bat,Hyderabad,Sunrisers Hyderabad,3,130
422,424,2,Delhi Daredevils,Kolkata Knight Riders,bat,Raipur,Delhi Daredevils,11,137
423,425,1,Chennai Super Kings,Chennai Super Kings,bat,Chennai,Chennai Super Kings,12,186
424,426,1,Royal Challengers Bangalore,Royal Challengers Bangalore,bat,Pune,Royal Challengers Bangalore,26,187
425,427,2,Kolkata Knight Riders,Rajasthan Royals,bat,Kolkata,Kolkata Knight Riders,4,133
426,428,2,Sunrisers Hyderabad,Delhi Daredevils,bat,Hyderabad,Sunrisers Hyderabad,9,81
427,429,2,Kings XI Punjab,Kings XI Punjab,field,Bengaluru,Kings XI Punjab,4,176
428,430,1,Mumbai Indians,Mumbai Indians,bat,Mumbai,Mumbai Indians,19,139
429,431,2,Rajasthan Royals,Sunrisers Hyderabad,bat,Jaipur,Rajasthan Royals,8,182
430,432,2,Royal Challengers Bangalore,Sunrisers Hyderabad,bat,Bengaluru,Royal Challengers Bangalore,8,162
431,433,2,Rajasthan Royals,Delhi Daredevils,bat,Jaipur,Rajasthan Royals,5,155
432,434,1,Mumbai Indians,Mumbai Indians,bat,Mumbai,Mumbai Indians,25,170
433,435,1,Chennai Super Kings,Sunrisers Hyderabad,field,Hyderabad,Chennai Super Kings,20,223
434,436,2,Rajasthan Royals,Rajasthan Royals,field,Chandigarh,Rajasthan Royals,12,147
435,437,1,Kolkata Knight Riders,Kolkata Knight Riders,bat,Pune,Kolkata Knight Riders,15,152
436,438,1,Royal Challengers Bangalore,Delhi Daredevils,field,Delhi,Royal Challengers Bangalore,23,183
437,439,2,Mumbai Indians,Sunrisers Hyderabad,bat,Pune,Mumbai Indians,4,116
438,440,1,Sunrisers Hyderabad,Kings XI Punjab,field,Chandigarh,Sunrisers Hyderabad,8,150
439,441,2,Kolkata Knight Riders,Kolkata Knight Riders,field,Ranchi,Kolkata Knight Riders,5,116
440,442,2,Rajasthan Royals,Rajasthan Royals,field,Jaipur,Rajasthan Royals,6,144
441,443,2,Kings XI Punjab,Kings XI Punjab,field,Delhi,Kings XI Punjab,10,121
442,444,2,Mumbai Indians,Sunrisers Hyderabad,bat,Mumbai,Mumbai Indians,12,184
443,445,1,Sunrisers Hyderabad,Kolkata Knight Riders,field,Ranchi,Sunrisers Hyderabad,16,170
444,446,1,Chennai Super Kings,Chennai Super Kings,bat,Chennai,Chennai Super Kings,8,168
445,447,1,Mumbai Indians,Rajasthan Royals,field,Mumbai,Mumbai Indians,4,166
446,448,2,Kings XI Punjab,Kings XI Punjab,field,Chandigarh,Kings XI Punjab,22,194
447,449,1,Sunrisers Hyderabad,Sunrisers Hyderabad,bat,Hyderabad,Sunrisers Hyderabad,7,136
448,450,1,Kings XI Punjab,Mumbai Indians,field,Dharamsala,Kings XI Punjab,9,183
449,451,1,Sunrisers Hyderabad,Sunrisers Hyderabad,bat,Pune,Sunrisers Hyderabad,8,172
450,452,1,Royal Challengers Bangalore,Chennai Super Kings,field,Bengaluru,Royal Challengers Bangalore,16,106
451,453,2,Sunrisers Hyderabad,Kolkata Knight Riders,bat,Hyderabad,Sunrisers Hyderabad,16,132
452,454,1,Chennai Super Kings,Chennai Super Kings,bat,Delhi,Chennai Super Kings,19,192
453,455,2,Rajasthan Royals,Sunrisers Hyderabad,bat,Delhi,Rajasthan Royals,12,135
454,456,2,Mumbai Indians,Rajasthan Royals,bat,Kolkata,Mumbai Indians,11,169
455,457,1,Mumbai Indians,Mumbai Indians,bat,Kolkata,Mumbai Indians,13,148
456,458,1,Kolkata Knight Riders,Kolkata Knight Riders,bat,Abu Dhabi,Kolkata Knight Riders,14,163
457,459,2,Royal Challengers Bangalore,Royal Challengers Bangalore,field,Sharjah,Royal Challengers Bangalore,14,146
458,460,2,Kings XI Punjab,Chennai Super Kings,bat,Abu Dhabi,Kings XI Punjab,12,206
459,461,2,Rajasthan Royals,Rajasthan Royals,field,Abu Dhabi,Rajasthan Royals,9,135
460,462,2,Royal Challengers Bangalore,Royal Challengers Bangalore,field,,Royal Challengers Bangalore,7,116
461,463,2,Delhi Daredevils,Kolkata Knight Riders,bat,,Delhi Daredevils,6,167
462,464,2,Kings XI Punjab,Kings XI Punjab,field,Sharjah,Kings XI Punjab,11,193
463,465,1,Chennai Super Kings,Chennai Super Kings,bat,Abu Dhabi,Chennai Super Kings,15,177
464,466,1,Kings XI Punjab,Sunrisers Hyderabad,field,Sharjah,Kings XI Punjab,8,193
465,467,1,Chennai Super Kings,Rajasthan Royals,field,,Chennai Super Kings,9,140
466,468,1,Kolkata Knight Riders,Royal Challengers Bangalore,field,Sharjah,Kolkata Knight Riders,8,150
467,469,1,Sunrisers Hyderabad,Sunrisers Hyderabad,bat,,Sunrisers Hyderabad,10,184
468,470,2,Chennai Super Kings,Mumbai Indians,bat,,Chennai Super Kings,9,142
469,471,2,Rajasthan Royals,Rajasthan Royals,field,Abu Dhabi,Rajasthan Royals,10,71
470,472,1,Kings XI Punjab,Kolkata Knight Riders,field,Abu Dhabi,Kings XI Punjab,5,132
471,473,2,Delhi Daredevils,Mumbai Indians,bat,Sharjah,Delhi Daredevils,8,126
472,474,2,Chennai Super Kings,Sunrisers Hyderabad,bat,Sharjah,Chennai Super Kings,6,146
473,475,2,Kings XI Punjab,Kings XI Punjab,field,,Kings XI Punjab,12,127
474,476,1,Rajasthan Royals,Rajasthan Royals,bat,Abu Dhabi,Rajasthan Royals,9,152
475,477,1,Sunrisers Hyderabad,Mumbai Indians,field,,Sunrisers Hyderabad,11,172
476,478,1,Chennai Super Kings,Chennai Super Kings,bat,Ranchi,Chennai Super Kings,15,148
477,479,2,Mumbai Indians,Kings XI Punjab,bat,Mumbai,Mumbai Indians,6,170
478,480,2,Rajasthan Royals,Rajasthan Royals,field,Delhi,Rajasthan Royals,8,156
479,481,2,Royal Challengers Bangalore,Royal Challengers Bangalore,field,Bengaluru,Royal Challengers Bangalore,6,158
480,482,1,Rajasthan Royals,Kolkata Knight Riders,field,Ahmedabad,Rajasthan Royals,11,170
481,483,2,Chennai Super Kings,Chennai Super Kings,field,Delhi,Chennai Super Kings,13,181
482,484,1,Mumbai Indians,Royal Challengers Bangalore,field,Mumbai,Mumbai Indians,11,187
483,485,2,Kolkata Knight Riders,Delhi Daredevils,bat,Delhi,Kolkata Knight Riders,5,161
484,486,1,Kings XI Punjab,Chennai Super Kings,field,Cuttack,Kings XI Punjab,23,231
485,487,1,Sunrisers Hyderabad,Rajasthan Royals,field,Ahmedabad,Sunrisers Hyderabad,12,134
486,488,1,Kings XI Punjab,Royal Challengers Bangalore,field,Bengaluru,Kings XI Punjab,10,198
487,489,2,Sunrisers Hyderabad,Sunrisers Hyderabad,field,Delhi,Sunrisers Hyderabad,7,44
488,490,2,Chennai Super Kings,Chennai Super Kings,field,Mumbai,Chennai Super Kings,13,160
489,491,2,Kolkata Knight Riders,Kolkata Knight Riders,field,Cuttack,Kolkata Knight Riders,11,150
490,492,2,Rajasthan Royals,Royal Challengers Bangalore,bat,Bengaluru,Rajasthan Royals,21,191
491,493,2,Mumbai Indians,Sunrisers Hyderabad,bat,Hyderabad,Mumbai Indians,9,160
492,494,2,Chennai Super Kings,Rajasthan Royals,bat,Ranchi,Chennai Super Kings,12,149
493,495,1,Royal Challengers Bangalore,Delhi Daredevils,field,Bengaluru,Royal Challengers Bangalore,27,186
494,496,2,Kings XI Punjab,Kings XI Punjab,field,Hyderabad,Kings XI Punjab,9,211
495,497,2,Kolkata Knight Riders,Kolkata Knight Riders,field,Cuttack,Kolkata Knight Riders,6,142
496,498,1,Rajasthan Royals,Delhi Daredevils,field,Ahmedabad,Rajasthan Royals,15,201
497,499,2,Royal Challengers Bangalore,Chennai Super Kings,bat,Ranchi,Royal Challengers Bangalore,13,142
498,500,2,Kolkata Knight Riders,Sunrisers Hyderabad,bat,Hyderabad,Kolkata Knight Riders,13,146
499,501,1,Mumbai Indians,Mumbai Indians,bat,Ahmedabad,Mumbai Indians,17,178
500,502,2,Kings XI Punjab,Kings XI Punjab,field,Delhi,Kings XI Punjab,9,165
501,503,2,Sunrisers Hyderabad,Royal Challengers Bangalore,bat,Hyderabad,Sunrisers Hyderabad,4,161
502,504,2,Kolkata Knight Riders,Kolkata Knight Riders,field,Kolkata,Kolkata Knight Riders,11,156
503,505,2,Mumbai Indians,Mumbai Indians,field,Chandigarh,Mumbai Indians,9,159
504,506,1,Kolkata Knight Riders,Royal Challengers Bangalore,field,Kolkata,Kolkata Knight Riders,12,195
505,507,2,Sunrisers Hyderabad,Sunrisers Hyderabad,field,Ranchi,Sunrisers Hyderabad,5,189
506,508,1,Mumbai Indians,Delhi Daredevils,field,Mumbai,Mumbai Indians,2,173
507,509,1,Kings XI Punjab,Rajasthan Royals,field,Chandigarh,Kings XI Punjab,10,179
508,510,2,Chennai Super Kings,Chennai Super Kings,field,Bengaluru,Chennai Super Kings,17,160
509,511,2,Kolkata Knight Riders,Kolkata Knight Riders,field,Kolkata,Kolkata Knight Riders,7,161
510,512,2,Kings XI Punjab,Kings XI Punjab,field,Chandigarh,Kings XI Punjab,8,119
511,513,2,Mumbai Indians,Mumbai Indians,field,Mumbai,Mumbai Indians,14,195
512,514,1,Kolkata Knight Riders,Kings XI Punjab,field,Kolkata,Kolkata Knight Riders,15,163
513,515,2,Chennai Super Kings,Chennai Super Kings,field,Mumbai,Chennai Super Kings,6,176
514,516,1,Kings XI Punjab,Chennai Super Kings,field,Mumbai,Kings XI Punjab,8,226
515,517,2,Kolkata Knight Riders,Kolkata Knight Riders,field,Bengaluru,Kolkata Knight Riders,5,200
516,518,2,Kolkata Knight Riders,Kolkata Knight Riders,field,Kolkata,Kolkata Knight Riders,5,170
517,519,1,Chennai Super Kings,Delhi Daredevils,field,Chennai,Chennai Super Kings,16,150
518,520,1,Rajasthan Royals,Kings XI Punjab,field,Pune,Rajasthan Royals,4,162
519,521,1,Chennai Super Kings,Chennai Super Kings,bat,Chennai,Chennai Super Kings,15,209
520,522,2,Royal Challengers Bangalore,Royal Challengers Bangalore,field,Kolkata,Royal Challengers Bangalore,15,179
521,523,2,Rajasthan Royals,Rajasthan Royals,field,Delhi,Rajasthan Royals,13,186
522,524,1,Kings XI Punjab,Mumbai Indians,field,Mumbai,Kings XI Punjab,13,177
523,525,2,Sunrisers Hyderabad,Sunrisers Hyderabad,field,Bengaluru,Sunrisers Hyderabad,10,172
524,526,2,Rajasthan Royals,Mumbai Indians,bat,Ahmedabad,Rajasthan Royals,1,165
525,527,2,Kolkata Knight Riders,Kolkata Knight Riders,field,Kolkata,Kolkata Knight Riders,9,169
526,528,2,Delhi Daredevils,Kings XI Punjab,bat,Pune,Delhi Daredevils,6,169
527,529,2,Rajasthan Royals,Rajasthan Royals,field,Visakhapatnam,Rajasthan Royals,8,131
528,530,2,Chennai Super Kings,Mumbai Indians,bat,Mumbai,Chennai Super Kings,16,189
529,531,1,Delhi Daredevils,Delhi Daredevils,bat,Visakhapatnam,Delhi Daredevils,9,167
530,532,2,Kolkata Knight Riders,Kolkata Knight Riders,field,Pune,Kolkata Knight Riders,7,159
531,533,2,Rajasthan Royals,Chennai Super Kings,bat,Ahmedabad,Rajasthan Royals,1,157
532,534,1,Mumbai Indians,Royal Challengers Bangalore,field,Bengaluru,Mumbai Indians,16,209
533,535,2,Kolkata Knight Riders,Kolkata Knight Riders,field,Delhi,Kolkata Knight Riders,2,147
534,536,2,Kings XI Punjab,Kings XI Punjab,field,Ahmedabad,Kings XI Punjab,13,191
535,537,1,Sunrisers Hyderabad,Kolkata Knight Riders,field,Visakhapatnam,Sunrisers Hyderabad,12,176
536,538,1,Chennai Super Kings,Royal Challengers Bangalore,field,Bengaluru,Chennai Super Kings,4,181
537,539,1,Delhi Daredevils,Mumbai Indians,field,Delhi,Delhi Daredevils,10,190
538,540,2,Royal Challengers Bangalore,Royal Challengers Bangalore,field,Ahmedabad,Royal Challengers Bangalore,4,134
539,541,1,Mumbai Indians,Mumbai Indians,bat,Mumbai,Mumbai Indians,8,157
540,542,1,Chennai Super Kings,Chennai Super Kings,bat,Chennai,Chennai Super Kings,4,192
541,543,2,Royal Challengers Bangalore,Royal Challengers Bangalore,field,Delhi,Royal Challengers Bangalore,9,99
542,544,1,Sunrisers Hyderabad,Kings XI Punjab,field,Chandigarh,Sunrisers Hyderabad,14,150
543,545,1,Kolkata Knight Riders,Kolkata Knight Riders,bat,Kolkata,Kolkata Knight Riders,18,171
544,547,1,Chennai Super Kings,Kolkata Knight Riders,field,Chennai,Chennai Super Kings,10,134
545,548,2,Delhi Daredevils,Delhi Daredevils,field,Delhi,Delhi Daredevils,7,119
546,549,1,Mumbai Indians,Rajasthan Royals,field,Mumbai,Mumbai Indians,12,187
547,550,2,Royal Challengers Bangalore,Royal Challengers Bangalore,field,Bengaluru,Royal Challengers Bangalore,15,115
548,551,1,Sunrisers Hyderabad,Chennai Super Kings,field,Hyderabad,Sunrisers Hyderabad,7,192
549,552,1,Mumbai Indians,Mumbai Indians,bat,Chandigarh,Mumbai Indians,9,172
550,553,1,Rajasthan Royals,Delhi Daredevils,field,Mumbai,Rajasthan Royals,15,189
551,554,1,Chennai Super Kings,Chennai Super Kings,bat,Chennai,Chennai Super Kings,4,148
552,555,1,Kolkata Knight Riders,Sunrisers Hyderabad,field,Kolkata,Kolkata Knight Riders,13,167
553,556,2,Mumbai Indians,Delhi Daredevils,bat,Mumbai,Mumbai Indians,8,153
554,557,1,Royal Challengers Bangalore,Kings XI Punjab,field,Bengaluru,Royal Challengers Bangalore,9,226
555,558,1,Sunrisers Hyderabad,Rajasthan Royals,field,Mumbai,Sunrisers Hyderabad,6,201
556,559,2,Mumbai Indians,Chennai Super Kings,bat,Chennai,Mumbai Indians,5,159
557,560,2,Kolkata Knight Riders,Kings XI Punjab,bat,Kolkata,Kolkata Knight Riders,8,184
558,561,1,Sunrisers Hyderabad,Sunrisers Hyderabad,bat,Raipur,Sunrisers Hyderabad,11,163
559,562,1,Royal Challengers Bangalore,Royal Challengers Bangalore,bat,Mumbai,Royal Challengers Bangalore,17,235
560,563,1,Chennai Super Kings,Chennai Super Kings,bat,Chennai,Chennai Super Kings,8,157
561,564,1,Sunrisers Hyderabad,Sunrisers Hyderabad,bat,Hyderabad,Sunrisers Hyderabad,15,185
562,565,2,Delhi Daredevils,Chennai Super Kings,bat,Raipur,Delhi Daredevils,6,120
563,566,1,Kings XI Punjab,Royal Challengers Bangalore,field,Chandigarh,Kings XI Punjab,6,106
564,567,1,Mumbai Indians,Kolkata Knight Riders,field,Mumbai,Mumbai Indians,13,171
565,568,2,Royal Challengers Bangalore,Sunrisers Hyderabad,bat,Hyderabad,Royal Challengers Bangalore,15,83
566,569,2,Chennai Super Kings,Kings XI Punjab,bat,Chandigarh,Chennai Super Kings,17,134
567,570,1,Rajasthan Royals,Rajasthan Royals,bat,Mumbai,Rajasthan Royals,8,199
568,572,2,Mumbai Indians,Sunrisers Hyderabad,bat,Hyderabad,Mumbai Indians,9,114
569,573,1,Mumbai Indians,Mumbai Indians,bat,Mumbai,Mumbai Indians,16,187
570,574,1,Royal Challengers Bangalore,Royal Challengers Bangalore,bat,Pune,Royal Challengers Bangalore,11,180
571,575,2,Chennai Super Kings,Chennai Super Kings,field,Ranchi,Chennai Super Kings,5,140
572,576,1,Mumbai Indians,Chennai Super Kings,field,Kolkata,Mumbai Indians,11,202
573,577,2,Chennai Super Kings,Mumbai Indians,bat,Mumbai,Chennai Super Kings,12,126
574,578,2,Kolkata Knight Riders,Kolkata Knight Riders,field,Kolkata,Kolkata Knight Riders,2,99
575,579,2,Rajasthan Royals,Rajasthan Royals,field,Chandigarh,Rajasthan Royals,7,162
576,580,1,Royal Challengers Bangalore,Sunrisers Hyderabad,field,Bengaluru,Royal Challengers Bangalore,13,227
577,581,2,Mumbai Indians,Mumbai Indians,field,Kolkata,Mumbai Indians,1,188
578,582,2,Rajasthan Royals,Chennai Super Kings,bat,Rajkot,Rajasthan Royals,1,164
579,583,2,Delhi Daredevils,Delhi Daredevils,field,Delhi,Delhi Daredevils,11,113
580,584,2,Kolkata Knight Riders,Sunrisers Hyderabad,bat,Hyderabad,Kolkata Knight Riders,4,146
581,585,2,Rajasthan Royals,Rajasthan Royals,field,Mumbai,Rajasthan Royals,14,147
582,586,2,Kings XI Punjab,Chennai Super Kings,bat,Chandigarh,Kings XI Punjab,9,153
583,587,2,Delhi Daredevils,Delhi Daredevils,field,Bengaluru,Delhi Daredevils,1,192
584,588,2,Sunrisers Hyderabad,Sunrisers Hyderabad,field,Hyderabad,Sunrisers Hyderabad,12,145
585,589,2,Kolkata Knight Riders,Kolkata Knight Riders,field,Chandigarh,Kolkata Knight Riders,4,141
586,590,2,Mumbai Indians,Mumbai Indians,field,Mumbai,Mumbai Indians,14,171
587,591,2,Sunrisers Hyderabad,Sunrisers Hyderabad,field,Rajkot,Sunrisers Hyderabad,12,137
588,592,1,Royal Challengers Bangalore,Chennai Super Kings,field,Pune,Royal Challengers Bangalore,12,185
589,593,1,Delhi Daredevils,Mumbai Indians,field,Delhi,Delhi Daredevils,16,164
590,594,2,Sunrisers Hyderabad,Sunrisers Hyderabad,field,Hyderabad,Sunrisers Hyderabad,7,146
591,595,2,Rajasthan Royals,Royal Challengers Bangalore,bat,Rajkot,Rajasthan Royals,8,182
592,596,2,Kolkata Knight Riders,Kolkata Knight Riders,field,Pune,Kolkata Knight Riders,8,162
593,597,1,Mumbai Indians,Kings XI Punjab,field,Chandigarh,Mumbai Indians,4,189
594,598,2,Chennai Super Kings,Chennai Super Kings,field,Hyderabad,Chennai Super Kings,6,94
595,599,1,Rajasthan Royals,Delhi Daredevils,field,Delhi,Rajasthan Royals,10,172
596,600,2,Mumbai Indians,Mumbai Indians,field,Mumbai,Mumbai Indians,22,178
597,601,2,Rajasthan Royals,Rajasthan Royals,field,Pune,Rajasthan Royals,9,196
598,602,1,Delhi Daredevils,Kolkata Knight Riders,field,Delhi,Delhi Daredevils,10,186
599,603,1,Sunrisers Hyderabad,Royal Challengers Bangalore,field,Hyderabad,Sunrisers Hyderabad,6,194
600,604,1,Kings XI Punjab,Rajasthan Royals,field,Rajkot,Kings XI Punjab,3,154
601,605,2,Mumbai Indians,Mumbai Indians,field,Pune,Mumbai Indians,8,161
602,606,2,Kolkata Knight Riders,Kolkata Knight Riders,field,Bengaluru,Kolkata Knight Riders,4,189
603,607,2,Delhi Daredevils,Delhi Daredevils,field,Rajkot,Delhi Daredevils,8,150
604,608,1,Kolkata Knight Riders,Kings XI Punjab,field,Kolkata,Kolkata Knight Riders,4,164
605,609,2,Chennai Super Kings,Chennai Super Kings,field,Delhi,Chennai Super Kings,6,166
606,610,2,Sunrisers Hyderabad,Sunrisers Hyderabad,field,Hyderabad,Sunrisers Hyderabad,16,129
607,611,2,Royal Challengers Bangalore,Royal Challengers Bangalore,field,Bengaluru,Royal Challengers Bangalore,7,195
608,612,1,Kings XI Punjab,Delhi Daredevils,field,Chandigarh,Kings XI Punjab,13,181
609,613,1,Sunrisers Hyderabad,Mumbai Indians,field,Visakhapatnam,Sunrisers Hyderabad,7,177
610,614,2,Rajasthan Royals,Rajasthan Royals,field,Kolkata,Rajasthan Royals,8,164
611,615,1,Royal Challengers Bangalore,Kings XI Punjab,field,Chandigarh,Royal Challengers Bangalore,12,175
612,616,1,Sunrisers Hyderabad,Sunrisers Hyderabad,bat,Visakhapatnam,Sunrisers Hyderabad,8,137
613,617,2,Mumbai Indians,Mumbai Indians,field,Bengaluru,Mumbai Indians,11,153
614,618,2,Delhi Daredevils,Delhi Daredevils,field,Hyderabad,Delhi Daredevils,6,150
615,619,2,Kings XI Punjab,Mumbai Indians,bat,Visakhapatnam,Kings XI Punjab,8,127
616,620,1,Royal Challengers Bangalore,Rajasthan Royals,field,Bengaluru,Royal Challengers Bangalore,15,248
617,621,2,Kolkata Knight Riders,Chennai Super Kings,bat,Kolkata,Kolkata Knight Riders,9,66
618,622,2,Sunrisers Hyderabad,Kings XI Punjab,bat,Chandigarh,Sunrisers Hyderabad,9,180
619,623,1,Mumbai Indians,Delhi Daredevils,field,Visakhapatnam,Mumbai Indians,12,206
620,624,2,Royal Challengers Bangalore,Royal Challengers Bangalore,field,Kolkata,Royal Challengers Bangalore,13,186
621,625,2,Chennai Super Kings,Chennai Super Kings,field,Visakhapatnam,Chennai Super Kings,13,76
622,626,1,Royal Challengers Bangalore,Kings XI Punjab,field,Bengaluru,Royal Challengers Bangalore,12,211
623,627,2,Rajasthan Royals,Rajasthan Royals,field,Kanpur,Rajasthan Royals,6,125
624,628,2,Delhi Daredevils,Delhi Daredevils,field,Raipur,Delhi Daredevils,13,161
625,629,2,Chennai Super Kings,Kings XI Punjab,bat,Visakhapatnam,Chennai Super Kings,23,173
626,630,2,Rajasthan Royals,Rajasthan Royals,field,Kanpur,Rajasthan Royals,6,173
627,631,1,Kolkata Knight Riders,Sunrisers Hyderabad,field,Kolkata,Kolkata Knight Riders,7,171
628,632,2,Royal Challengers Bangalore,Royal Challengers Bangalore,field,Raipur,Royal Challengers Bangalore,1,139
629,633,2,Royal Challengers Bangalore,Royal Challengers Bangalore,field,Bengaluru,Royal Challengers Bangalore,3,159
630,634,1,Sunrisers Hyderabad,Kolkata Knight Riders,field,Delhi,Sunrisers Hyderabad,14,162
631,635,2,Sunrisers Hyderabad,Sunrisers Hyderabad,field,Delhi,Sunrisers Hyderabad,5,163
632,636,1,Sunrisers Hyderabad,Sunrisers Hyderabad,bat,Bengaluru,Sunrisers Hyderabad,24,208
633,7894,2,Chennai Super Kings,Chennai Super Kings,field,Mumbai,Chennai Super Kings,10,176
634,7895,2,Kings XI Punjab,Kings XI Punjab,field,Mohali,Kings XI Punjab,11,168
635,7896,2,Kolkata Knight Riders,Kolkata Knight Riders,field,Kolkata,Kolkata Knight Riders,10,190
636,7897,2,Sunrisers Hyderabad,Sunrisers Hyderabad,field,Hyderabad,Sunrisers Hyderabad,4,135
637,7898,2,Chennai Super Kings,Chennai Super Kings,field,Chennai,Chennai Super Kings,21,212
638,7899,1,Rajasthan Royals,Delhi Daredevils,field,Jaipur,Rajasthan Royals,10,156
639,7900,2,Sunrisers Hyderabad,Sunrisers Hyderabad,field,Hyderabad,Sunrisers Hyderabad,15,155
640,7901,2,Royal Challengers Bangalore,Royal Challengers Bangalore,field,Bengaluru,Royal Challengers Bangalore,8,163
641,7902,2,Delhi Daredevils,Delhi Daredevils,field,Mumbai,Delhi Daredevils,11,197
642,7903,2,Sunrisers Hyderabad,Sunrisers Hyderabad,field,Kolkata,Sunrisers Hyderabad,13,144
643,7904,1,Rajasthan Royals,Royal Challengers Bangalore,field,Bengaluru,Rajasthan Royals,28,231
644,7905,1,Kings XI Punjab,Chennai Super Kings,field,Mohali,Kings XI Punjab,4,198
645,7906,1,Kolkata Knight Riders,Delhi Daredevils,field,Kolkata,Kolkata Knight Riders,1,206
646,7907,1,Mumbai Indians,Royal Challengers Bangalore,field,Mumbai,Mumbai Indians,24,230
647,7908,2,Kolkata Knight Riders,Kolkata Knight Riders,field,Jaipur,Kolkata Knight Riders,13,166
648,7909,1,Kings XI Punjab,Kings XI Punjab,bat,Mohali,Kings XI Punjab,13,201
649,7910,1,Chennai Super Kings,Rajasthan Royals,field,Pune,Chennai Super Kings,10,210
650,7911,2,Kings XI Punjab,Kings XI Punjab,field,Kolkata,Kings XI Punjab,6,128
651,7912,2,Royal Challengers Bangalore,Royal Challengers Bangalore,field,Bengaluru,Royal Challengers Bangalore,13,180
652,7913,1,Chennai Super Kings,Sunrisers Hyderabad,field,Hyderabad,Chennai Super Kings,11,186
653,7914,2,Rajasthan Royals,Mumbai Indians,bat,Jaipur,Rajasthan Royals,10,174
654,7915,1,Kings XI Punjab,Delhi Daredevils,field,Delhi,Kings XI Punjab,6,157
655,7916,1,Sunrisers Hyderabad,Mumbai Indians,field,Mumbai,Sunrisers Hyderabad,6,130
656,7917,2,Chennai Super Kings,Chennai Super Kings,field,Bengaluru,Chennai Super Kings,17,218
657,7918,1,Sunrisers Hyderabad,Kings XI Punjab,field,Hyderabad,Sunrisers Hyderabad,7,140
658,7919,1,Delhi Daredevils,Kolkata Knight Riders,field,Delhi,Delhi Daredevils,30,223
659,7920,2,Mumbai Indians,Mumbai Indians,field,Pune,Mumbai Indians,5,180
660,7921,1,Sunrisers Hyderabad,Sunrisers Hyderabad,bat,Jaipur,Sunrisers Hyderabad,9,152
661,7922,2,Kolkata Knight Riders,Kolkata Knight Riders,field,Bengaluru,Kolkata Knight Riders,4,184
662,7923,1,Chennai Super Kings,Delhi Daredevils,field,Pune,Chennai Super Kings,13,218
663,7924,1,Royal Challengers Bangalore,Mumbai Indians,field,Bengaluru,Royal Challengers Bangalore,26,173
664,7925,1,Delhi Daredevils,Rajasthan Royals,field,Delhi,Delhi Daredevils,0,203
665,7926,2,Kolkata Knight Riders,Kolkata Knight Riders,field,Kolkata,Kolkata Knight Riders,16,192
666,7927,2,Mumbai Indians,Mumbai Indians,field,Indore,Mumbai Indians,21,182
667,7928,2,Chennai Super Kings,Chennai Super Kings,field,Pune,Chennai Super Kings,24,135
668,7929,2,Sunrisers Hyderabad,Delhi Daredevils,bat,Hyderabad,Sunrisers Hyderabad,14,170
669,7930,1,Mumbai Indians,Kolkata Knight Riders,field,Mumbai,Mumbai Indians,12,187
670,7931,2,Kings XI Punjab,Kings XI Punjab,field,Indore,Kings XI Punjab,14,158
671,7932,1,Sunrisers Hyderabad,Royal Challengers Bangalore,field,Hyderabad,Sunrisers Hyderabad,3,155
672,7933,1,Rajasthan Royals,Rajasthan Royals,bat,Jaipur,Rajasthan Royals,6,161
673,7934,1,Mumbai Indians,Kolkata Knight Riders,field,Kolkata,Mumbai Indians,22,217
674,7935,2,Sunrisers Hyderabad,Delhi Daredevils,bat,Delhi,Sunrisers Hyderabad,11,193
675,7936,2,Rajasthan Royals,Chennai Super Kings,bat,Jaipur,Rajasthan Royals,12,180
676,7937,1,Kolkata Knight Riders,Kings XI Punjab,field,Indore,Kolkata Knight Riders,16,250
677,7938,2,Royal Challengers Bangalore,Royal Challengers Bangalore,field,Delhi,Royal Challengers Bangalore,15,198
678,7939,2,Chennai Super Kings,Chennai Super Kings,field,Pune,Chennai Super Kings,8,181
679,7940,2,Rajasthan Royals,Rajasthan Royals,field,Mumbai,Rajasthan Royals,18,181
680,7941,2,Royal Challengers Bangalore,Royal Challengers Bangalore,field,Indore,Royal Challengers Bangalore,6,96
681,7942,2,Kolkata Knight Riders,Kolkata Knight Riders,field,Kolkata,Kolkata Knight Riders,16,147
682,7943,1,Mumbai Indians,Kings XI Punjab,field,Mumbai,Mumbai Indians,15,197
683,7944,1,Royal Challengers Bangalore,Sunrisers Hyderabad,field,Bengaluru,Royal Challengers Bangalore,11,222
684,7945,1,Delhi Daredevils,Chennai Super Kings,field,Delhi,Delhi Daredevils,26,171
685,7946,1,Rajasthan Royals,Rajasthan Royals,bat,Jaipur,Rajasthan Royals,15,174
686,7947,2,Kolkata Knight Riders,Sunrisers Hyderabad,bat,Hyderabad,Kolkata Knight Riders,5,180
687,7948,1,Delhi Daredevils,Delhi Daredevils,bat,Delhi,Delhi Daredevils,17,186
688,7949,2,Chennai Super Kings,Chennai Super Kings,field,Pune,Chennai Super Kings,6,168
689,7950,2,Chennai Super Kings,Chennai Super Kings,field,Mumbai,Chennai Super Kings,6,145
690,7951,1,Kolkata Knight Riders,Rajasthan Royals,field,Kolkata,Kolkata Knight Riders,14,179
691,7952,1,Sunrisers Hyderabad,Kolkata Knight Riders,field,Kolkata,Sunrisers Hyderabad,25,179
692,7953,2,Chennai Super Kings,Chennai Super Kings,field,Mumbai,Chennai Super Kings,4,187
693,11137,2,Chennai Super Kings,Chennai Super Kings,field,Chennai,Chennai Super Kings,4,76
694,11138,2,Kolkata Knight Riders,Kolkata Knight Riders,field,Kolkata,Kolkata Knight Riders,15,187
695,11139,1,Delhi Daredevils,Mumbai Indians,field,Mumbai,Delhi Daredevils,17,219
696,11140,1,Kings XI Punjab,Rajasthan Royals,field,Jaipur,Kings XI Punjab,18,200
697,11141,2,Chennai Super Kings,Delhi Daredevils,bat,Delhi,Chennai Super Kings,4,157
698,11142,1,Kolkata Knight Riders,Kings XI Punjab,field,Kolkata,Kolkata Knight Riders,8,223
699,11143,1,Mumbai Indians,Royal Challengers Bangalore,field,Bengaluru,Mumbai Indians,17,197
700,11144,2,Sunrisers Hyderabad,Rajasthan Royals,bat,Hyderabad,Sunrisers Hyderabad,15,211
701,11145,2,Kings XI Punjab,Kings XI Punjab,field,Mohali,Kings XI Punjab,6,185
702,11146,2,Delhi Daredevils,Delhi Daredevils,field,Delhi,Delhi Daredevils,5,189
703,11147,1,Sunrisers Hyderabad,Royal Challengers Bangalore,field,Hyderabad,Sunrisers Hyderabad,11,233
704,11148,1,Chennai Super Kings,Rajasthan Royals,field,Chennai,Chennai Super Kings,30,182
705,11149,1,Kings XI Punjab,Delhi Daredevils,field,Mohali,Kings XI Punjab,13,175
706,11150,2,Rajasthan Royals,Rajasthan Royals,field,Jaipur,Rajasthan Royals,10,174
707,11151,1,Mumbai Indians,Chennai Super Kings,field,Mumbai,Mumbai Indians,31,176
708,11152,2,Sunrisers Hyderabad,Sunrisers Hyderabad,field,Delhi,Sunrisers Hyderabad,11,142
709,11153,2,Kolkata Knight Riders,Kolkata Knight Riders,field,Bengaluru,Kolkata Knight Riders,1,219
710,11309,1,Chennai Super Kings,Chennai Super Kings,bat,Chennai,Chennai Super Kings,14,165
711,11310,1,Mumbai Indians,Sunrisers Hyderabad,field,Hyderabad,Mumbai Indians,20,142
712,11311,2,Delhi Daredevils,Delhi Daredevils,field,Bengaluru,Delhi Daredevils,7,164
713,11312,2,Kolkata Knight Riders,Kolkata Knight Riders,field,Jaipur,Kolkata Knight Riders,12,151
714,11313,2,Kings XI Punjab,Kings XI Punjab,field,Mohali,Kings XI Punjab,11,152
715,11314,2,Chennai Super Kings,Chennai Super Kings,field,Chennai,Chennai Super Kings,11,119
716,11315,2,Mumbai Indians,Mumbai Indians,field,Mumbai,Mumbai Indians,16,210
717,11316,2,Chennai Super Kings,Chennai Super Kings,field,Jaipur,Chennai Super Kings,23,164
718,11317,2,Delhi Daredevils,Delhi Daredevils,field,Kolkata,Delhi Daredevils,13,183
719,11318,2,Rajasthan Royals,Rajasthan Royals,field,Mumbai,Rajasthan Royals,6,192
720,11319,2,Royal Challengers Bangalore,Royal Challengers Bangalore,field,Mohali,Royal Challengers Bangalore,6,175
721,11320,2,Chennai Super Kings,Chennai Super Kings,field,Kolkata,Chennai Super Kings,8,164
722,11321,1,Delhi Daredevils,Sunrisers Hyderabad,field,Hyderabad,Delhi Daredevils,14,164
723,11322,2,Mumbai Indians,Mumbai Indians,field,Mumbai,Mumbai Indians,23,179
724,11323,1,Kings XI Punjab,Rajasthan Royals,field,Mohali,Kings XI Punjab,19,190
725,11324,2,Sunrisers Hyderabad,Chennai Super Kings,bat,Hyderabad,Sunrisers Hyderabad,13,140
726,11325,1,Mumbai Indians,Mumbai Indians,bat,Delhi,Mumbai Indians,21,174
727,11326,1,Royal Challengers Bangalore,Kolkata Knight Riders,field,Kolkata,Royal Challengers Bangalore,16,219
728,11327,2,Rajasthan Royals,Rajasthan Royals,field,Jaipur,Rajasthan Royals,4,168
729,11328,2,Delhi Daredevils,Delhi Daredevils,field,Delhi,Delhi Daredevils,8,177
730,11329,2,Sunrisers Hyderabad,Sunrisers Hyderabad,field,Hyderabad,Sunrisers Hyderabad,19,167
731,11330,1,Royal Challengers Bangalore,Chennai Super Kings,field,Bengaluru,Royal Challengers Bangalore,11,165
732,11331,2,Delhi Daredevils,Delhi Daredevils,field,Jaipur,Delhi Daredevils,7,194
733,11332,2,Chennai Super Kings,Chennai Super Kings,field,Chennai,Chennai Super Kings,9,185
734,11333,1,Royal Challengers Bangalore,Kings XI Punjab,field,Bengaluru,Royal Challengers Bangalore,27,213
735,11334,2,Rajasthan Royals,Rajasthan Royals,field,Kolkata,Rajasthan Royals,10,182
736,11335,1,Mumbai Indians,Chennai Super Kings,field,Chennai,Mumbai Indians,17,159
737,11336,2,Rajasthan Royals,Rajasthan Royals,field,Jaipur,Rajasthan Royals,4,167
738,11337,1,Delhi Daredevils,Delhi Daredevils,bat,Delhi,Delhi Daredevils,24,193
739,11338,1,Kolkata Knight Riders,Mumbai Indians,field,Kolkata,Kolkata Knight Riders,20,241
740,11339,1,Sunrisers Hyderabad,Kings XI Punjab,field,Hyderabad,Sunrisers Hyderabad,12,232
741,11341,1,Chennai Super Kings,Delhi Daredevils,field,Chennai,Chennai Super Kings,23,186
742,11342,1,Mumbai Indians,Mumbai Indians,bat,Mumbai,Mumbai Indians,11,170
743,11343,2,Kolkata Knight Riders,Kolkata Knight Riders,field,Mohali,Kolkata Knight Riders,20,192
744,11344,2,Delhi Daredevils,Rajasthan Royals,bat,Delhi,Delhi Daredevils,6,126
745,11345,2,Royal Challengers Bangalore,Royal Challengers Bangalore,field,Bengaluru,Royal Challengers Bangalore,8,187
746,11346,2,Kings XI Punjab,Kings XI Punjab,field,Mohali,Kings XI Punjab,7,188
747,11347,2,Mumbai Indians,Mumbai Indians,field,Mumbai,Mumbai Indians,6,137
748,11412,2,Mumbai Indians,Chennai Super Kings,bat,Chennai,Mumbai Indians,6,140
749,11413,2,Delhi Daredevils,Delhi Daredevils,field,Visakhapatnam,Delhi Daredevils,8,170
750,11414,2,Chennai Super Kings,Chennai Super Kings,field,Visakhapatnam,Chennai Super Kings,11,162
751,11415,1,Mumbai Indians,Mumbai Indians,bat,Hyderabad,Mumbai Indians,9,152
